isMale	age	job	income	satisfac
False	0.66	mgmt	0.5210	low
True	0.35	tech	0.8610	medium
False	0.24	tech	0.4410	high
True	0.43	sale	0.5170	medium
True	0.37	mgmt	0.8860	medium
True	0.30	sale	0.8790	low
False	0.40	mgmt	0.2020	medium
False	0.58	tech	0.2650	low
True	0.27	mgmt	0.8480	low
False	0.33	sale	0.5600	medium
True	0.59	tech	0.2330	high
True	0.52	sale	0.8700	high
False	0.41	mgmt	0.5170	medium
True	0.22	sale	0.3500	high
False	0.61	sale	0.2980	low
True	0.46	mgmt	0.6780	medium
True	0.59	mgmt	0.8430	low
False	0.28	tech	0.7730	high
True	0.46	sale	0.8930	medium
False	0.48	tech	0.2920	medium
False	0.28	mgmt	0.6690	medium
False	0.23	sale	0.8970	high
True	0.60	mgmt	0.6270	high
True	0.29	sale	0.7760	low
True	0.24	tech	0.8750	high
False	0.51	mgmt	0.4090	medium
True	0.22	sale	0.8910	low
True	0.19	tech	0.5380	low
False	0.25	sale	0.9000	high
True	0.44	tech	0.8980	medium
True	0.35	mgmt	0.5380	medium
True	0.29	sale	0.7610	low
False	0.25	mgmt	0.3450	medium
False	0.66	mgmt	0.2210	low
False	0.43	tech	0.7450	medium
True	0.42	sale	0.8520	medium
True	0.44	mgmt	0.6580	medium
False	0.42	sale	0.6970	medium
True	0.56	tech	0.3680	high
True	0.38	mgmt	0.2600	low
